,0,1
0,19566,/playlist?id=3141858524
1,14207,/playlist?id=6708035697
2,19058,/playlist?id=6813607109
3,26790,/playlist?id=5173150903
4,24278,/playlist?id=5475553184
5,35610,/playlist?id=4910716822
6,73259,/playlist?id=4964806727
7,6244,/playlist?id=6844174889
8,21263,/playlist?id=6732206947
9,210000,/playlist?id=6910755857
10,140000,/playlist?id=4897763411
11,37156,/playlist?id=5060227417
12,22409,/playlist?id=6666792750
13,40982,/playlist?id=6600729957
14,100000,/playlist?id=5464563370
15,79387,/playlist?id=4961918294
16,43544,/playlist?id=7121766948
17,51406,/playlist?id=3020999219
18,22939,/playlist?id=6959864827
19,10019,/playlist?id=6922008548
20,11767,/playlist?id=6616811098
21,92583,/playlist?id=5337298602
22,65522,/playlist?id=5395214137
23,260000,/playlist?id=5275098960
24,6637,/playlist?id=5395278093
25,5219,/playlist?id=6630441633
26,7319,/playlist?id=6941373456
27,200000,/playlist?id=3086694743
28,220000,/playlist?id=3218900016
29,180000,/playlist?id=5453650077
30,30851,/playlist?id=6675905717
31,59340,/playlist?id=5373282435
32,41263,/playlist?id=6724237767
33,170000,/playlist?id=6600147568
34,100000,/playlist?id=4895907284
35,300000,/playlist?id=5101056870
36,76514,/playlist?id=5088720782
37,310000,/playlist?id=5003037677
38,170000,/playlist?id=6945819874
39,5420,/playlist?id=6902503885
40,64540,/playlist?id=7026959311
41,93289,/playlist?id=5362903127
42,180000,/playlist?id=2661706486
43,250000,/playlist?id=5453524660
44,120000,/playlist?id=6945850699
45,170000,/playlist?id=4948845769
46,120000,/playlist?id=6945815983
47,130000,/playlist?id=6942269212
48,77723,/playlist?id=5169031392
49,76753,/playlist?id=6636721453
50,160000,/playlist?id=5241848343
51,160000,/playlist?id=4860363947
52,110000,/playlist?id=3174700215
53,97384,/playlist?id=5014099772
54,110000,/playlist?id=2952963929
55,540000,/playlist?id=5295437787
56,340000,/playlist?id=5283571330
57,150000,/playlist?id=6734203819
58,46139,/playlist?id=6820739497
59,30860,/playlist?id=5263926554
60,390000,/playlist?id=6775976497
61,410000,/playlist?id=6623345789
62,220000,/playlist?id=5321504769
63,170000,/playlist?id=6606779144
64,7898,/playlist?id=6972097062
65,130000,/playlist?id=6607570431
66,240000,/playlist?id=5070814755
67,81230,/playlist?id=6607580431
68,100000,/playlist?id=6614100004
69,15685,/playlist?id=5098906657
70,44472,/playlist?id=6614637277
71,100000,/playlist?id=6682411138
72,82453,/playlist?id=6759590679
73,7739,/playlist?id=6975738864
74,110000,/playlist?id=6945903263
75,60478,/playlist?id=6607455740
76,89353,/playlist?id=6753134025
77,480000,/playlist?id=6918157634
78,530000,/playlist?id=6600143502
79,100000,/playlist?id=5290830261
80,41708,/playlist?id=5369148099
81,250000,/playlist?id=6600101145
82,180000,/playlist?id=6697904241
83,210000,/playlist?id=5297939600
84,140000,/playlist?id=6600201291
85,360000,/playlist?id=6600156315
86,1070000,/playlist?id=6600113633
87,130000,/playlist?id=6600175210
88,77396,/playlist?id=6607519886
89,210000,/playlist?id=6600139702
90,1710000,/playlist?id=6600182205
91,63708,/playlist?id=6607431117
92,170000,/playlist?id=7058541205
93,6773,/playlist?id=6951374826
94,170000,/playlist?id=6609223334
95,8,/playlist?id=7125108402
96,2644,/playlist?id=6756344611
97,2447,/playlist?id=6891012565
98,2069,/playlist?id=6897440895
99,1813,/playlist?id=6730166271
100,1808,/playlist?id=6723239285
101,1430,/playlist?id=6883109217
102,901,/playlist?id=6827306622
103,632,/playlist?id=7062626731
104,578,/playlist?id=7069862440
105,557,/playlist?id=6908058287
106,502,/playlist?id=7027699503
107,469,/playlist?id=6885422991
108,397,/playlist?id=7019685412
109,372,/playlist?id=7063338183
110,254,/playlist?id=7017147034
111,238,/playlist?id=6840422853
112,166,/playlist?id=7031780442
113,134,/playlist?id=7067950752
114,132,/playlist?id=6959652046
115,74,/playlist?id=7081872219
116,1267,/playlist?id=6764209962
117,58,/playlist?id=7112499171
118,46,/playlist?id=7028502737
119,100000,/playlist?id=5443776502
120,880,/playlist?id=7119489333
121,2833,/playlist?id=6874870052
122,2653,/playlist?id=7004290351
123,2594,/playlist?id=7054457846
124,2648,/playlist?id=7001346359
125,1968,/playlist?id=7087226842
126,1187,/playlist?id=6984631497
127,1027,/playlist?id=6974378476
128,254,/playlist?id=7068185418
129,175,/playlist?id=7063536765
130,163,/playlist?id=6607487337
131,157,/playlist?id=7094650790
132,143,/playlist?id=7063012991
133,98,/playlist?id=7092127390
134,83,/playlist?id=7086537962
135,89,/playlist?id=7120730760
136,78,/playlist?id=7083159204
137,71,/playlist?id=7078226146
138,69,/playlist?id=7121795000
139,56,/playlist?id=7080520933
140,20,/playlist?id=7121879005
141,11,/playlist?id=7116739236
142,10,/playlist?id=7120552018
143,2,/playlist?id=7126953351
144,64950000,/playlist?id=2430524968
145,22670000,/playlist?id=3029459640
146,22180000,/playlist?id=3119609433
147,21180000,/playlist?id=3035765774
148,21030000,/playlist?id=3119595459
149,20990000,/playlist?id=2423939332
150,20390000,/playlist?id=3119596483
151,16430000,/playlist?id=2091927797
152,15940000,/playlist?id=2119378458
153,13380000,/playlist?id=3036328969
154,11980000,/playlist?id=2579371743
155,7660000,/playlist?id=2812685091
156,6630000,/playlist?id=5233739845
157,5950000,/playlist?id=2613384244
158,5960000,/playlist?id=4933201498
159,5910000,/playlist?id=4900774166
160,5880000,/playlist?id=2829137850
161,5880000,/playlist?id=2217224514
162,5260000,/playlist?id=6672624203
163,4950000,/playlist?id=5352432756
164,4640000,/playlist?id=2874647377
165,4620000,/playlist?id=5023733422
166,4370000,/playlist?id=5018304941
167,4280000,/playlist?id=2786240378
168,3890000,/playlist?id=5305573963
169,3890000,/playlist?id=2951338871
170,3710000,/playlist?id=5051433464
171,3680000,/playlist?id=5128390910
172,3510000,/playlist?id=2353138113
173,3400000,/playlist?id=2852805110
174,3390000,/playlist?id=5334020451
175,3370000,/playlist?id=2923772356
176,3330000,/playlist?id=5289253700
177,3140000,/playlist?id=2434195584
178,2950000,/playlist?id=2078278524
179,2920000,/playlist?id=5196798457
180,2890000,/playlist?id=2876609741
181,2740000,/playlist?id=4921500847
182,2720000,/playlist?id=5355088033
183,2620000,/playlist?id=2195781651
184,2600000,/playlist?id=2356473597
185,2590000,/playlist?id=5070074208
186,2490000,/playlist?id=6752221322
187,2410000,/playlist?id=6623298175
188,2370000,/playlist?id=6950428911
189,2260000,/playlist?id=5198528623
190,2180000,/playlist?id=3131480188
191,2070000,/playlist?id=6842263243
192,2000000,/playlist?id=5206444057
193,1980000,/playlist?id=6860422178
194,1950000,/playlist?id=6723502234
195,1930000,/playlist?id=2155383482
196,1830000,/playlist?id=5310111557
197,1810000,/playlist?id=2477863140
198,1720000,/playlist?id=5391302282
199,1680000,/playlist?id=5468127585
200,1670000,/playlist?id=817194122
201,1670000,/playlist?id=5214554067
202,1620000,/playlist?id=2420981951
203,1610000,/playlist?id=5069682147
204,1600000,/playlist?id=5305929925
205,1490000,/playlist?id=6691386204
206,1420000,/playlist?id=5323122346
207,1400000,/playlist?id=990015063
208,1320000,/playlist?id=6631262910
209,1310000,/playlist?id=6656946202
210,1310000,/playlist?id=2313914132
211,1270000,/playlist?id=2246029783
212,1210000,/playlist?id=6662878509
213,1150000,/playlist?id=6636093831
214,1110000,/playlist?id=6773453509
215,1080000,/playlist?id=2900520316
216,1070000,/playlist?id=5106401942
217,1050000,/playlist?id=5432222238
218,1050000,/playlist?id=6589049163
219,1020000,/playlist?id=6742174395
220,1010000,/playlist?id=2894678520
221,990000,/playlist?id=5235501125
222,960000,/playlist?id=5339779763
223,890000,/playlist?id=2997419103
224,860000,/playlist?id=5198270733
225,810000,/playlist?id=5059137148
226,740000,/playlist?id=2623526205
227,740000,/playlist?id=6914226430
228,690000,/playlist?id=2522899852
229,660000,/playlist?id=6952219126
230,640000,/playlist?id=6818649749
231,560000,/playlist?id=2784851095
232,560000,/playlist?id=6793847584
233,270000,/playlist?id=4869244294
234,260000,/playlist?id=6971534393
235,260000,/playlist?id=7086586403
236,170000,/playlist?id=7084684333
237,2890000,/playlist?id=5308822263
238,2150000,/playlist?id=6656628431
239,1850000,/playlist?id=5483045539
240,1700000,/playlist?id=5310951194
241,1550000,/playlist?id=5215461130
242,1430000,/playlist?id=7067910808
243,1430000,/playlist?id=6748989918
244,1410000,/playlist?id=5281964966
245,1110000,/playlist?id=3041430743
246,1090000,/playlist?id=6898340923
247,1090000,/playlist?id=5458556372
248,1070000,/playlist?id=5070031729
249,1040000,/playlist?id=5092003321
250,1040000,/playlist?id=6906095673
251,1020000,/playlist?id=5322481726
252,980000,/playlist?id=6710666656
253,980000,/playlist?id=5036759475
254,880000,/playlist?id=2954016817
255,820000,/playlist?id=6797728387
256,760000,/playlist?id=5267494165
257,750000,/playlist?id=2935664405
258,720000,/playlist?id=5310054125
259,720000,/playlist?id=6861768687
260,710000,/playlist?id=2873162042
261,700000,/playlist?id=5374143873
262,700000,/playlist?id=5090120360
263,660000,/playlist?id=6699114552
264,640000,/playlist?id=6907466546
265,640000,/playlist?id=4898716867
266,620000,/playlist?id=6605657123
267,610000,/playlist?id=6645164190
268,620000,/playlist?id=2067388356
269,610000,/playlist?id=4898227046
270,600000,/playlist?id=2545344889
271,600000,/playlist?id=2885576850
272,590000,/playlist?id=5324100915
273,590000,/playlist?id=7030290441
274,590000,/playlist?id=4953665085
275,580000,/playlist?id=6601145705
276,540000,/playlist?id=5471129727
277,530000,/playlist?id=6938538798
278,530000,/playlist?id=2723340897
279,520000,/playlist?id=6840493024
280,510000,/playlist?id=6920428244
281,510000,/playlist?id=6603583178
282,500000,/playlist?id=5047368596
283,500000,/playlist?id=2840884575
284,500000,/playlist?id=5433639397
285,490000,/playlist?id=6674856328
286,490000,/playlist?id=5211969623
287,490000,/playlist?id=3190882087
288,480000,/playlist?id=4946086065
289,460000,/playlist?id=3116532356
290,460000,/playlist?id=783369177
291,460000,/playlist?id=2503601617
292,450000,/playlist?id=5247601029
293,440000,/playlist?id=5230609294
294,440000,/playlist?id=3169066795
295,440000,/playlist?id=5221304800
296,430000,/playlist?id=2868203844
297,420000,/playlist?id=3111915854
298,420000,/playlist?id=6863891148
299,420000,/playlist?id=6860276141
300,410000,/playlist?id=6718652523
301,410000,/playlist?id=6903127620
302,400000,/playlist?id=6800335663
303,400000,/playlist?id=2530617246
304,400000,/playlist?id=6654707531
305,400000,/playlist?id=6586388888
306,400000,/playlist?id=4968558616
307,400000,/playlist?id=6885030145
308,390000,/playlist?id=2967337886
309,390000,/playlist?id=3108435815
310,380000,/playlist?id=5402472161
311,380000,/playlist?id=6623459511
312,380000,/playlist?id=4879610964
313,380000,/playlist?id=2742773653
314,380000,/playlist?id=5367749471
315,360000,/playlist?id=7114063750
316,360000,/playlist?id=3023950448
317,360000,/playlist?id=5000396213
318,360000,/playlist?id=2362497494
319,350000,/playlist?id=6703346845
320,350000,/playlist?id=6744085634
321,350000,/playlist?id=5125379186
322,350000,/playlist?id=2552339462
323,350000,/playlist?id=5338820195
324,340000,/playlist?id=6862287913
325,330000,/playlist?id=5184598917
326,340000,/playlist?id=6602694416
327,330000,/playlist?id=2341542679
328,330000,/playlist?id=6876004331
329,320000,/playlist?id=6916601092
330,310000,/playlist?id=5307255753
331,310000,/playlist?id=4930835853
332,300000,/playlist?id=6625318597
333,300000,/playlist?id=6661415785
334,290000,/playlist?id=5101473937
335,280000,/playlist?id=5362410247
336,270000,/playlist?id=4890328458
337,270000,/playlist?id=5302184785
338,270000,/playlist?id=5434924849
339,260000,/playlist?id=5457775173
340,250000,/playlist?id=5128791065
341,250000,/playlist?id=5318994564
342,250000,/playlist?id=6772668047
343,240000,/playlist?id=6875338655
344,240000,/playlist?id=4859348234
345,240000,/playlist?id=6845259441
346,240000,/playlist?id=6732462009
347,230000,/playlist?id=5208047693
348,230000,/playlist?id=3086342439
349,220000,/playlist?id=5124590704
350,220000,/playlist?id=5203616846
351,220000,/playlist?id=2683885415
352,210000,/playlist?id=6802755388
353,210000,/playlist?id=3235158099
354,210000,/playlist?id=5460338734
355,210000,/playlist?id=3191345084
356,210000,/playlist?id=6699225238
357,210000,/playlist?id=2208385256
358,200000,/playlist?id=7050084182
359,200000,/playlist?id=6801848577
360,200000,/playlist?id=5448989620
361,200000,/playlist?id=5134190340
362,190000,/playlist?id=2971886969
363,190000,/playlist?id=5137119649
364,190000,/playlist?id=6650344069
365,190000,/playlist?id=6751999434
366,180000,/playlist?id=6986121562
367,180000,/playlist?id=3203347140
368,180000,/playlist?id=5346242149
369,180000,/playlist?id=5452048151
370,170000,/playlist?id=5339763387
371,170000,/playlist?id=3018442238
372,170000,/playlist?id=6843919762
373,170000,/playlist?id=5077459296
374,170000,/playlist?id=7080301387
375,160000,/playlist?id=5288212738
376,160000,/playlist?id=3074040398
377,160000,/playlist?id=4996042482
378,160000,/playlist?id=5411971340
379,150000,/playlist?id=5387117658
380,150000,/playlist?id=5379150831
381,150000,/playlist?id=2981923614
382,150000,/playlist?id=7103863999
383,150000,/playlist?id=7050756766
384,150000,/playlist?id=5277030255
385,140000,/playlist?id=7104213792
386,140000,/playlist?id=6797181010
387,140000,/playlist?id=5028173373
388,140000,/playlist?id=3204720807
389,140000,/playlist?id=4897433505
390,130000,/playlist?id=5458136527
391,130000,/playlist?id=5341750420
392,130000,/playlist?id=5070127051
393,130000,/playlist?id=6862544482
394,130000,/playlist?id=6878505172
395,130000,/playlist?id=7062679024
396,130000,/playlist?id=5481765840
397,130000,/playlist?id=4917180830
398,120000,/playlist?id=5479436053
399,120000,/playlist?id=7028713593
400,120000,/playlist?id=7091283948
401,120000,/playlist?id=7062374713
402,120000,/playlist?id=2773386455
403,110000,/playlist?id=5141632928
404,100000,/playlist?id=6719150547
405,100000,/playlist?id=5470321779
406,100000,/playlist?id=5196789761
407,100000,/playlist?id=6786861840
408,100000,/playlist?id=6675124658
409,100000,/playlist?id=6641728258
410,100000,/playlist?id=6832467876
411,99702,/playlist?id=6902990686
412,98438,/playlist?id=6919282294
413,96531,/playlist?id=4908666294
414,94099,/playlist?id=5398147722
415,94015,/playlist?id=5484557557
416,93431,/playlist?id=7020977703
417,93755,/playlist?id=6774385544
418,91596,/playlist?id=6903897169
419,88698,/playlist?id=3198506557
420,87367,/playlist?id=6921133342
421,85519,/playlist?id=6585267379
422,85010,/playlist?id=2783443655
423,84019,/playlist?id=3046414809
424,83675,/playlist?id=3175820714
425,84834,/playlist?id=6752024545
426,78605,/playlist?id=6864561874
427,74502,/playlist?id=6628748275
428,76531,/playlist?id=6818614429
429,73318,/playlist?id=2924538729
430,78194,/playlist?id=2196801832
431,71822,/playlist?id=6607426942
432,70466,/playlist?id=5453903991
433,66770,/playlist?id=5229998848
434,65527,/playlist?id=6604634373
435,64863,/playlist?id=3019444071
436,64855,/playlist?id=5207968845
437,62381,/playlist?id=5208441777
438,59903,/playlist?id=5334699053
439,59840,/playlist?id=2689121653
440,59525,/playlist?id=6719132650
441,59491,/playlist?id=3194981757
442,59617,/playlist?id=2981168616
443,57849,/playlist?id=6720882647
444,57337,/playlist?id=6718334404
445,55942,/playlist?id=5397020595
446,53216,/playlist?id=6661021567
447,53174,/playlist?id=6812132677
448,52465,/playlist?id=2561600993
449,50344,/playlist?id=6743177248
450,51347,/playlist?id=7021698291
451,46618,/playlist?id=5206468327
452,45766,/playlist?id=6586260808
453,44787,/playlist?id=6765216176
454,44606,/playlist?id=5345660857
455,44640,/playlist?id=7031881062
456,43905,/playlist?id=5274620886
457,44380,/playlist?id=3042202263
458,42884,/playlist?id=6790087681
459,42813,/playlist?id=2754076408
460,41864,/playlist?id=5309309281
461,39898,/playlist?id=6857401028
462,40117,/playlist?id=4976783588
463,38084,/playlist?id=5183504536
464,36471,/playlist?id=6757826081
465,36656,/playlist?id=5167817967
466,35257,/playlist?id=6684402732
467,33880,/playlist?id=6843512001
468,32552,/playlist?id=6646041669
469,31418,/playlist?id=5464209724
470,30940,/playlist?id=4874041866
471,30667,/playlist?id=6690619769
472,31234,/playlist?id=5231393315
473,30070,/playlist?id=6783407336
474,31024,/playlist?id=6966054806
475,27819,/playlist?id=5468776566
476,26576,/playlist?id=5298681099
477,27071,/playlist?id=6894926929
478,25912,/playlist?id=5237003123
479,24598,/playlist?id=6759153319
480,24203,/playlist?id=7093001092
481,23598,/playlist?id=5314269249
482,21611,/playlist?id=6810065196
483,21506,/playlist?id=6833368560
484,21246,/playlist?id=6585815112
485,20456,/playlist?id=5057152432
486,20419,/playlist?id=4862289279
487,20087,/playlist?id=5456882876
488,19226,/playlist?id=7044872384
489,18621,/playlist?id=6732754910
490,16962,/playlist?id=7080711338
491,16231,/playlist?id=7037177699
492,15320,/playlist?id=5480656743
493,15093,/playlist?id=6880920044
494,14005,/playlist?id=6929457991
495,13921,/playlist?id=7063338744
496,13350,/playlist?id=6626211631
497,13384,/playlist?id=6740094935
498,12628,/playlist?id=6762451509
499,12539,/playlist?id=7032425375
500,12464,/playlist?id=6877154546
501,12304,/playlist?id=6775214243
502,12266,/playlist?id=6923147695
503,12098,/playlist?id=6628572789
504,11989,/playlist?id=6639832928
505,11939,/playlist?id=6857441631
506,11809,/playlist?id=6909561167
507,11494,/playlist?id=6653300999
508,11485,/playlist?id=5277914312
509,11183,/playlist?id=6732877012
510,11011,/playlist?id=6949904153
511,10662,/playlist?id=7101045251
512,10574,/playlist?id=7106126356
513,10250,/playlist?id=6969748656
514,10004,/playlist?id=6648789282
515,9910,/playlist?id=6611625827
516,9784,/playlist?id=6771992167
517,9688,/playlist?id=6742915132
518,9511,/playlist?id=6884806318
519,9377,/playlist?id=5170553231
520,9335,/playlist?id=5382315851
521,8948,/playlist?id=6999885783
522,8961,/playlist?id=6640305341
523,8818,/playlist?id=6694256563
524,8818,/playlist?id=6809513516
525,8617,/playlist?id=5469207286
526,8075,/playlist?id=6711154346
527,7823,/playlist?id=6805388261
528,7781,/playlist?id=6773415098
529,7802,/playlist?id=6661679721
530,7789,/playlist?id=5130073853
531,7751,/playlist?id=6773363697
532,7579,/playlist?id=6687775611
533,7676,/playlist?id=6771040979
534,7214,/playlist?id=6850203020
535,6848,/playlist?id=6711480545
536,6823,/playlist?id=6971388237
537,6479,/playlist?id=6756277681
538,6462,/playlist?id=6934031946
539,6538,/playlist?id=6749996683
540,6004,/playlist?id=6934973456
541,7760,/playlist?id=6920674438
542,5672,/playlist?id=5474638273
543,5513,/playlist?id=6636198343
544,5177,/playlist?id=6961129909
545,4543,/playlist?id=6982463303
546,4622,/playlist?id=6599636687
547,4291,/playlist?id=6656053746
548,3929,/playlist?id=6851957829
549,3921,/playlist?id=6617401055
550,3740,/playlist?id=6981020556
551,3224,/playlist?id=5370299924
552,3148,/playlist?id=7113885455
553,3110,/playlist?id=7112313486
554,3102,/playlist?id=6927815053
555,3035,/playlist?id=6742163629
556,2879,/playlist?id=6965699134
557,2812,/playlist?id=6964860749
558,2808,/playlist?id=6890806778
559,2770,/playlist?id=6823339461
560,2703,/playlist?id=6919239135
561,2648,/playlist?id=6879499947
562,2602,/playlist?id=7030834777
563,2464,/playlist?id=6983860849
564,2459,/playlist?id=6643517067
565,2455,/playlist?id=6828907658
566,2296,/playlist?id=6890654409
567,2191,/playlist?id=6916623551
568,2191,/playlist?id=7071409516
569,2098,/playlist?id=7078299218
570,2039,/playlist?id=6986253632
571,2035,/playlist?id=6797840111
572,1955,/playlist?id=7044818471
573,1884,/playlist?id=6864454181
574,1754,/playlist?id=6957928543
575,1771,/playlist?id=6900963465
576,1737,/playlist?id=7026822116
577,1628,/playlist?id=6890743361
578,1615,/playlist?id=6981691283
579,1703,/playlist?id=6984871916
580,1565,/playlist?id=6902497768
581,1561,/playlist?id=7056817967
582,1485,/playlist?id=6834170539
583,1388,/playlist?id=6850656997
584,1304,/playlist?id=6922791033
585,1296,/playlist?id=6753930867
586,1250,/playlist?id=6896529514
587,1258,/playlist?id=7060856254
588,1233,/playlist?id=6685369169
589,1157,/playlist?id=6996913006
590,1094,/playlist?id=7018803827
591,1027,/playlist?id=6926757434
592,960,/playlist?id=6937614244
593,952,/playlist?id=6923487270
594,805,/playlist?id=7092639635
595,754,/playlist?id=6892137747
596,733,/playlist?id=7033614077
597,666,/playlist?id=6961948305
598,649,/playlist?id=6973547451
599,637,/playlist?id=7033273720
600,649,/playlist?id=7017341754
601,590,/playlist?id=6931401217
602,557,/playlist?id=7049253448
603,452,/playlist?id=6914983733
604,389,/playlist?id=7053888365
605,422,/playlist?id=7028488430
606,338,/playlist?id=7031166900
607,313,/playlist?id=7038719950
608,309,/playlist?id=6993438357
609,301,/playlist?id=7011811339
610,301,/playlist?id=7060862352
611,280,/playlist?id=7064651302
612,225,/playlist?id=7076199756
613,191,/playlist?id=6847929885
614,196,/playlist?id=6916021690
615,170,/playlist?id=7092631082
616,121,/playlist?id=7033627032
617,127,/playlist?id=7025000649
618,96,/playlist?id=7091986330
619,89,/playlist?id=7026235348
620,98,/playlist?id=7104719079
621,71,/playlist?id=7085854799
622,90,/playlist?id=7058093910
623,37,/playlist?id=6963009464
624,8270000,/playlist?id=5090157185
625,6880000,/playlist?id=2562684293
626,5070000,/playlist?id=5091550227
627,5020000,/playlist?id=2723178465
628,4890000,/playlist?id=5363641064
629,1860000,/playlist?id=2897918638
630,1560000,/playlist?id=5468219667
631,800000,/playlist?id=5256188713
632,230000,/playlist?id=7071145153
633,160000,/playlist?id=7098937176
634,120000,/playlist?id=6977514265
635,3910000,/playlist?id=5070643682
636,2110000,/playlist?id=6708217401
637,1080000,/playlist?id=6602548276
638,870000,/playlist?id=2876296331
639,2470000,/playlist?id=5453373137
640,2270000,/playlist?id=5386929349
641,2150000,/playlist?id=6809504458
642,1920000,/playlist?id=6656572093
643,2470000,/playlist?id=6944219625
644,1430000,/playlist?id=7067910808
645,940000,/playlist?id=5443503366
646,880000,/playlist?id=5026569198
647,860000,/playlist?id=5187026376
648,770000,/playlist?id=5466222008
649,760000,/playlist?id=5303522451
650,630000,/playlist?id=5267519223
651,610000,/playlist?id=5213031406
652,580000,/playlist?id=6888681991
653,530000,/playlist?id=5457850531
654,530000,/playlist?id=6928268653
655,510000,/playlist?id=6860942116
656,440000,/playlist?id=6874458969
657,390000,/playlist?id=7087617889
658,380000,/playlist?id=2955348838
659,350000,/playlist?id=6583455042
660,320000,/playlist?id=6891587224
661,310000,/playlist?id=7056222219
662,280000,/playlist?id=6835124022
663,270000,/playlist?id=7042945337
664,230000,/playlist?id=6909403350
665,210000,/playlist?id=6717999436
666,210000,/playlist?id=6901120332
667,200000,/playlist?id=6595934451
668,190000,/playlist?id=6976193072
669,170000,/playlist?id=6950479554
670,170000,/playlist?id=5415812013
671,170000,/playlist?id=6610722455
672,170000,/playlist?id=6801814330
673,160000,/playlist?id=5310003586
674,140000,/playlist?id=6587822318
675,130000,/playlist?id=5387330888
676,130000,/playlist?id=6952830508
677,120000,/playlist?id=7094229866
678,110000,/playlist?id=2487881272
679,100000,/playlist?id=6749214558
680,95918,/playlist?id=6605933117
681,87862,/playlist?id=6749861607
682,72200,/playlist?id=6851771370
683,66375,/playlist?id=6918097707
684,56996,/playlist?id=5104207413
685,36563,/playlist?id=5259840911
686,27659,/playlist?id=6601275303
687,24518,/playlist?id=6720893793
688,13106,/playlist?id=5375770324
689,11326,/playlist?id=6647938790
690,10318,/playlist?id=6859204975
691,7037,/playlist?id=6786852885
692,6613,/playlist?id=6848408077
693,6349,/playlist?id=5040597283
694,5870,/playlist?id=6637890048
695,5299,/playlist?id=6816971056
696,5260,/playlist?id=6905945449
697,4320,/playlist?id=6913969782
698,2237,/playlist?id=7030468078
699,557,/playlist?id=6979619569
700,393,/playlist?id=7043406784
701,292,/playlist?id=7017290412
702,103,/playlist?id=7067851127
703,100000,/playlist?id=6977469309
704,80,/playlist?id=7048654794
705,35530000,/playlist?id=53572999
706,8000000,/playlist?id=2258837745
707,7370000,/playlist?id=508920727
708,5940000,/playlist?id=2454417037
709,5560000,/playlist?id=2008947511
710,4390000,/playlist?id=2502161176
711,2980000,/playlist?id=6702371651
712,2680000,/playlist?id=6859445434
713,2420000,/playlist?id=2444167008
714,1950000,/playlist?id=2697535287
715,1520000,/playlist?id=5215142408
716,1490000,/playlist?id=5384130544
717,1290000,/playlist?id=3191007612
718,1030000,/playlist?id=5237416818
719,910000,/playlist?id=2887430766
720,830000,/playlist?id=2850487441
721,820000,/playlist?id=2046488979
722,780000,/playlist?id=5023150632
723,780000,/playlist?id=6688882095
724,630000,/playlist?id=2787072920
725,520000,/playlist?id=4858871853
726,1930000,/playlist?id=6813153741
727,1500000,/playlist?id=6680948662
728,850000,/playlist?id=6751386942
729,540000,/playlist?id=6861444823
730,370000,/playlist?id=5135448298
731,370000,/playlist?id=5310909704
732,360000,/playlist?id=5466179178
733,310000,/playlist?id=6938479113
734,260000,/playlist?id=5134756276
735,220000,/playlist?id=5381263323
736,210000,/playlist?id=6944159899
737,200000,/playlist?id=5458560495
738,190000,/playlist?id=6854437149
739,170000,/playlist?id=5317504408
740,170000,/playlist?id=7101844587
741,120000,/playlist?id=7054837900
742,110000,/playlist?id=6947314843
743,110000,/playlist?id=7095508916
744,53897,/playlist?id=6992276392
745,12317,/playlist?id=7121935373
746,10960,/playlist?id=7042911123
747,9772,/playlist?id=5323077045
748,7743,/playlist?id=6885406545
749,2210000,/playlist?id=4897659061
750,1220000,/playlist?id=6811139758
751,1160000,/playlist?id=5328254815
752,1020000,/playlist?id=5219297856
753,790000,/playlist?id=2857960499
754,780000,/playlist?id=6711360420
755,750000,/playlist?id=5069691004
756,730000,/playlist?id=5020209887
757,640000,/playlist?id=5447790171
758,610000,/playlist?id=4948579774
759,560000,/playlist?id=932127816
760,520000,/playlist?id=5246212244
761,510000,/playlist?id=3035129054
762,490000,/playlist?id=5050058517
763,460000,/playlist?id=5011718745
764,440000,/playlist?id=4953822250
765,440000,/playlist?id=2226102118
766,420000,/playlist?id=2300719748
767,400000,/playlist?id=6977031912
768,390000,/playlist?id=6833308569
769,380000,/playlist?id=2532736518
770,360000,/playlist?id=5037931817
771,360000,/playlist?id=5455105526
772,360000,/playlist?id=4985730604
773,350000,/playlist?id=5003946035
774,340000,/playlist?id=5067152407
775,340000,/playlist?id=6724754600
776,320000,/playlist?id=2696193383
777,310000,/playlist?id=4868657792
778,270000,/playlist?id=6792301857
779,250000,/playlist?id=4912936099
780,250000,/playlist?id=4994396049
781,230000,/playlist?id=7002750788
782,230000,/playlist?id=6931297409
783,220000,/playlist?id=5050617202
784,210000,/playlist?id=2874866260
785,210000,/playlist?id=7002749413
786,210000,/playlist?id=2255378404
787,200000,/playlist?id=2784900015
788,200000,/playlist?id=4903571871
789,190000,/playlist?id=5315493065
790,190000,/playlist?id=5318529316
791,180000,/playlist?id=5461843469
792,170000,/playlist?id=5235751669
793,170000,/playlist?id=6661754130
794,170000,/playlist?id=2458854733
795,160000,/playlist?id=5072557657
796,150000,/playlist?id=5194425487
797,150000,/playlist?id=5252911077
798,150000,/playlist?id=3082700766
799,150000,/playlist?id=5305656697
800,140000,/playlist?id=3198954945
801,140000,/playlist?id=5280773057
802,140000,/playlist?id=5336402593
803,130000,/playlist?id=3226329841
804,130000,/playlist?id=5272488789
805,130000,/playlist?id=5265455918
806,130000,/playlist?id=7111751631
807,120000,/playlist?id=2964943486
808,110000,/playlist?id=7074249205
809,110000,/playlist?id=4956607733
810,110000,/playlist?id=5232020717
811,110000,/playlist?id=5093906715
812,110000,/playlist?id=6807574501
813,110000,/playlist?id=6746707781
814,100000,/playlist?id=3200013727
815,100000,/playlist?id=2886424593
816,100000,/playlist?id=3185594642
817,100000,/playlist?id=2847447048
818,94129,/playlist?id=3179688226
819,92037,/playlist?id=5076359286
820,91487,/playlist?id=6896492306
821,84792,/playlist?id=5131211255
822,84322,/playlist?id=2985650983
823,82810,/playlist?id=6887964568
824,85414,/playlist?id=6652997568
825,77896,/playlist?id=6711042344
826,71390,/playlist?id=4968159053
827,70772,/playlist?id=3128374563
828,65972,/playlist?id=6914058261
829,65758,/playlist?id=5440627972
830,63359,/playlist?id=4997826427
831,62750,/playlist?id=2872321034
832,58202,/playlist?id=5322022220
833,57185,/playlist?id=5471947340
834,55774,/playlist?id=5293303258
835,52948,/playlist?id=7000557517
836,54314,/playlist?id=1991712926
837,51297,/playlist?id=5365466961
838,50990,/playlist?id=4914616532
839,47987,/playlist?id=7027574659
840,47068,/playlist?id=3137613436
841,40066,/playlist?id=6853722910
842,39432,/playlist?id=3183711983
843,38508,/playlist?id=6878233037
844,32964,/playlist?id=4960485965
845,30419,/playlist?id=6918641831
846,28394,/playlist?id=5329488007
847,27277,/playlist?id=5294509915
848,26177,/playlist?id=6729323705
849,25286,/playlist?id=5132171698
850,24589,/playlist?id=7105581453
851,22666,/playlist?id=5326627582
852,21548,/playlist?id=6769971595
853,20011,/playlist?id=6877788390
854,18848,/playlist?id=6687561040
855,17827,/playlist?id=6822955424
856,17063,/playlist?id=6771739855
857,15274,/playlist?id=7087807282
858,14904,/playlist?id=6712079651
859,13951,/playlist?id=6922037432
860,12212,/playlist?id=4864659082
861,12170,/playlist?id=5224952117
862,11326,/playlist?id=7050551628
863,11531,/playlist?id=6746346472
864,10990,/playlist?id=6628656641
865,9893,/playlist?id=6701288519
866,9805,/playlist?id=6672850368
867,6857,/playlist?id=6949598731
868,6399,/playlist?id=6674265163
869,6290,/playlist?id=5455548812
870,5084,/playlist?id=6871076831
871,5412,/playlist?id=5323927420
872,4887,/playlist?id=5358799881
873,4828,/playlist?id=6691573430
874,4261,/playlist?id=6869129948
875,3417,/playlist?id=6914154266
876,3346,/playlist?id=6794559449
877,3211,/playlist?id=6906135053
878,3010,/playlist?id=6795623059
879,2594,/playlist?id=6830640071
880,2178,/playlist?id=7000401628
881,2111,/playlist?id=6880762797
882,2023,/playlist?id=6940418327
883,1964,/playlist?id=6942189950
884,1876,/playlist?id=6632076270
885,1796,/playlist?id=6974122611
886,1220,/playlist?id=6735917051
887,754,/playlist?id=7081481567
888,662,/playlist?id=6952949437
889,368,/playlist?id=6903506907
890,368,/playlist?id=7061915697
891,338,/playlist?id=7070513314
892,212,/playlist?id=7073847047
893,159,/playlist?id=6967247916
894,98,/playlist?id=6970815499
895,3010000,/playlist?id=2463577383
896,2730000,/playlist?id=5363668156
897,2730000,/playlist?id=2763247408
898,2630000,/playlist?id=931640179
899,1530000,/playlist?id=6722912887
900,1340000,/playlist?id=5042726661
901,1230000,/playlist?id=6840544635
902,740000,/playlist?id=2991267069
903,730000,/playlist?id=2849230282
904,640000,/playlist?id=2818356120
905,1020000,/playlist?id=2701448439
906,500000,/playlist?id=5307311750
907,550000,/playlist?id=5089625821
908,1100000,/playlist?id=6660354159
909,630000,/playlist?id=6590733655
910,600000,/playlist?id=5452076663
911,400000,/playlist?id=5308217098
912,350000,/playlist?id=3113215917
913,340000,/playlist?id=5023777258
914,330000,/playlist?id=5286621454
915,290000,/playlist?id=3046343335
916,210000,/playlist?id=2863979652
917,190000,/playlist?id=2582733619
918,100000,/playlist?id=2067844719
919,100000,/playlist?id=2517310690
920,96275,/playlist?id=4898758515
921,95863,/playlist?id=5240443614
922,91785,/playlist?id=5169789331
923,74758,/playlist?id=4967772776
924,57442,/playlist?id=6666626727
925,45715,/playlist?id=6895737839
926,35345,/playlist?id=5452961841
927,30335,/playlist?id=5474843360
928,24892,/playlist?id=4991501354
929,16979,/playlist?id=5352048248
930,15920,/playlist?id=5078420208
931,13388,/playlist?id=5446348440
932,10028,/playlist?id=6671594598
933,5059,/playlist?id=6829160269
934,2711,/playlist?id=6854390794
935,2602,/playlist?id=6750794486
936,1863,/playlist?id=6934920658
937,674,/playlist?id=7032621004
938,101,/playlist?id=7059354366
939,1630000,/playlist?id=6711253585
940,1260000,/playlist?id=5044456984
941,810000,/playlist?id=5278867670
942,430000,/playlist?id=6703392308
943,310000,/playlist?id=5298900670
944,300000,/playlist?id=5016011541
945,290000,/playlist?id=6712857418
946,260000,/playlist?id=5276995487
947,200000,/playlist?id=7002711876
948,200000,/playlist?id=5456886586
949,190000,/playlist?id=7002760301
950,150000,/playlist?id=7016691859
951,140000,/playlist?id=7091210845
952,120000,/playlist?id=5027691779
953,120000,/playlist?id=6952253696
954,120000,/playlist?id=5318885452
955,100000,/playlist?id=7089191503
956,100000,/playlist?id=6664364446
957,100000,/playlist?id=6959470800
958,92751,/playlist?id=6689239865
959,81130,/playlist?id=6635567130
960,74447,/playlist?id=7048710082
961,70126,/playlist?id=5246275163
962,63292,/playlist?id=6720783807
963,51297,/playlist?id=5365466961
964,31897,/playlist?id=5387647895
965,5555,/playlist?id=6640210018
966,4030,/playlist?id=6755807934
967,1989,/playlist?id=7065029150
968,3410000,/playlist?id=7010349262
969,1580000,/playlist?id=5474914023
970,1680000,/playlist?id=825437601
971,2280000,/playlist?id=5393490798
972,1020000,/playlist?id=5310305988
973,570000,/playlist?id=6829307266
974,450000,/playlist?id=5303491409
975,350000,/playlist?id=5288378050
976,320000,/playlist?id=6840307913
977,310000,/playlist?id=5280347741
978,260000,/playlist?id=6819888541
979,250000,/playlist?id=5467058548
980,220000,/playlist?id=5277033213
981,200000,/playlist?id=7002732672
982,190000,/playlist?id=7002657170
983,180000,/playlist?id=6965414416
984,150000,/playlist?id=6683908169
985,130000,/playlist?id=6610768428
986,110000,/playlist?id=5063075918
987,80138,/playlist?id=6904048370
988,64237,/playlist?id=5059121375
989,57899,/playlist?id=6720956327
990,50297,/playlist?id=6771611367
991,2140,/playlist?id=7030626034
992,1464,/playlist?id=7002801423
993,270000,/playlist?id=2879012289
994,150000,/playlist?id=6596648818
995,120000,/playlist?id=5053016595
996,87194,/playlist?id=3087068834
997,86728,/playlist?id=5217881925
998,79630,/playlist?id=4907634935
999,76766,/playlist?id=2833453212
1000,71054,/playlist?id=2874571562
1001,55585,/playlist?id=5039400367
1002,36996,/playlist?id=6843288756
1003,26555,/playlist?id=5397701898
1004,24736,/playlist?id=4915306929
1005,4618,/playlist?id=6985571702
1006,2762,/playlist?id=6705755690
1007,221,/playlist?id=7068162668
1008,1080000,/playlist?id=2207111018
1009,1060000,/playlist?id=5230580605
1010,270000,/playlist?id=4860854188
1011,200000,/playlist?id=5359300532
1012,120000,/playlist?id=5145917131
1013,53418,/playlist?id=3019716374
1014,7147,/playlist?id=6896421280
1015,1100000,/playlist?id=3125926352
1016,32573,/playlist?id=5075473721
1017,683,/playlist?id=7026828589
1018,4550000,/playlist?id=2822923425
1019,690000,/playlist?id=6651381353
1020,360000,/playlist?id=6703410214
1021,290000,/playlist?id=5452112189
1022,29213,/playlist?id=5167680672
1023,9591,/playlist?id=5356867329
1024,4769,/playlist?id=6709733592
1025,120000,/playlist?id=5382981655
1026,3404,/playlist?id=6846678704
1027,1390000,/playlist?id=6677759909
1028,1130000,/playlist?id=6884960877
1029,800000,/playlist?id=6639869302
1030,640000,/playlist?id=6708210382
1031,310000,/playlist?id=3123408904
1032,300000,/playlist?id=6920033687
1033,190000,/playlist?id=7025502317
1034,140000,/playlist?id=6903929779
1035,140000,/playlist?id=6938699615
1036,130000,/playlist?id=5333154711
1037,92146,/playlist?id=5360572413
1038,63355,/playlist?id=7101806600
1039,57521,/playlist?id=6749130322
1040,33758,/playlist?id=5468321378
1041,8134,/playlist?id=7121814199
1042,3182,/playlist?id=6876775213
1043,650000,/playlist?id=6823062364
1044,220000,/playlist?id=6938713267
1045,120000,/playlist?id=6993986864
1046,87110,/playlist?id=6901004184
1047,55665,/playlist?id=6651218832
1048,34526,/playlist?id=7119022792
1049,4030,/playlist?id=7121803537
